Date,Time,long,lat,altit,press
2017-08-31 09:58:00,243.41559027777802,-22.95084005,16.78570269,833.51,921.9
2017-08-31 09:59:00,243.41628472222197,-23.009792800000003,16.78126481,1373.71,866.39
2017-08-31 10:00:00,243.41697916666698,-22.99928039,16.71703595,2006.13,805.49
2017-08-31 10:01:00,243.41767361111098,-22.98474967,16.65332529,2635.88,748.05
2017-08-31 10:02:00,243.418368055556,-22.99685967,16.58198661,3280.79,692.54
2017-08-31 10:03:00,243.4190625,-23.01787683,16.51085431,3927.1,640.27
2017-08-31 10:04:00,243.419756944444,-23.04065929,16.4348293,4574.97,591.3
2017-08-31 10:05:00,243.420451388889,-23.06476446,16.35351638,5130.5,551.95
2017-08-31 10:06:00,243.42114583333301,-23.090815799999998,16.26564555,5628.37,518.63
2017-08-31 10:07:00,243.42184027777802,-23.11842453,16.17275293,6200.65,482.42
2017-08-31 10:08:00,243.422534722222,-23.14621799,16.07882534,6854.76,443.51
2017-08-31 10:09:00,243.42322916666697,-23.1739785,15.984959699999997,7483.17,408.63
2017-08-31 10:10:00,243.42392361111098,-23.2017905,15.89062137,7997.66,381.8
2017-08-31 10:11:00,243.42461805555598,-23.23078468,15.79289772,8413.47,361.36
2017-08-31 10:12:00,243.4253125,-23.26082651,15.69115476,8811.64,342.54
2017-08-31 10:13:00,243.426006944444,-23.29167585,15.58653125,9256.13,322.42
2017-08-31 10:14:00,243.426701388889,-23.3227326,15.48073639,9712.23,302.73
2017-08-31 10:15:00,243.427395833333,-23.35409364,15.37436141,10123.37,285.81
2017-08-31 10:16:00,243.428090277778,-23.38579789,15.26658986,10481.13,271.68
2017-08-31 10:17:00,243.428784722222,-23.41804631,15.15674561,10810.91,259.13
2017-08-31 10:18:00,243.429479166667,-23.45090114,15.04485207,11107.98,248.13
2017-08-31 10:19:00,243.430173611111,-23.47728829,14.93016082,11392.31,237.9
2017-08-31 10:20:00,243.430868055556,-23.46069671,14.81288084,11655.69,228.68
2017-08-31 10:21:00,243.4315625,-23.44086416,14.694277599999998,11914.27,220.0
2017-08-31 10:22:00,243.43225694444402,-23.42065494,14.57436191,12174.03,211.47
2017-08-31 10:23:00,243.432951388889,-23.40027566,14.45348048,12426.04,203.48
2017-08-31 10:24:00,243.433645833333,-23.38001581,14.33246104,12659.94,196.33
2017-08-31 10:25:00,243.434340277778,-23.3597412,14.21126577,12875.15,189.84
2017-08-31 10:26:00,243.43503472222199,-23.3395343,14.09006675,13086.81,183.61
2017-08-31 10:27:00,243.435729166667,-23.31950683,13.96897766,13237.15,179.2
2017-08-31 10:28:00,243.436423611111,-23.29893234,13.84628522,13242.44,178.98
2017-08-31 10:29:00,243.437118055556,-23.27805851,13.72026319,13241.0,179.09
2017-08-31 10:30:00,243.4378125,-23.25686616,13.59298328,13245.57,178.93
2017-08-31 10:31:00,243.43850694444401,-23.23607563,13.470143599999998,13248.17,178.85
2017-08-31 10:32:00,243.43920138888902,-23.21131226,13.34518166,13241.53,178.99
2017-08-31 10:33:00,243.43989583333303,-23.18670074,13.21838979,13241.03,179.095
2017-08-31 10:34:00,243.44059027777803,-23.16218793,13.09252148,13233.3,179.2
2017-08-31 10:35:00,243.44128472222198,-23.13746416,12.9657504,13238.27,178.99
2017-08-31 10:36:00,243.44197916666698,-23.11225854,12.83664174,13239.21,179.03
2017-08-31 10:37:00,243.442673611111,-23.08713934,12.70743977,13244.22,178.75
2017-08-31 10:38:00,243.443368055556,-23.06233642,12.57952197,13238.67,178.88
2017-08-31 10:39:00,243.4440625,-23.03776109,12.4523205,13239.5,178.94
2017-08-31 10:40:00,243.444756944444,-23.01317113,12.32494129,13238.1,178.98
2017-08-31 10:41:00,243.445451388889,-22.98851389,12.19758955,13238.82,178.83
2017-08-31 10:42:00,243.44614583333302,-22.9637717,12.06995531,13237.43,178.84
2017-08-31 10:43:00,243.44684027777802,-22.93908833,11.94198361,13234.95,178.91
2017-08-31 10:44:00,243.44753472222197,-22.9144999,11.81416808,13235.88,178.88
2017-08-31 10:45:00,243.44822916666698,-22.88980022,11.68638646,13233.34,178.87
2017-08-31 10:46:00,243.44892361111098,-22.86521551,11.55876723,13235.81,178.89
2017-08-31 10:47:00,243.449618055556,-22.84046187,11.43001693,13235.91,178.81
2017-08-31 10:48:00,243.4503125,-22.81561703,11.30084948,13237.36,178.87
2017-08-31 10:49:00,243.451006944444,-22.79069924,11.17162324,13234.97,178.86
2017-08-31 10:50:00,243.451701388889,-22.76572139,11.04154022,13233.86,178.91
2017-08-31 10:51:00,243.45239583333301,-22.74072259,10.91134954,13234.13,178.95
2017-08-31 10:52:00,243.45309027777802,-22.71578282,10.781109800000001,13234.63,178.91
2017-08-31 10:53:00,243.453784722222,-22.69080906,10.65050826,13233.36,178.7
2017-08-31 10:54:00,243.45447916666697,-22.66581283,10.51979149,13232.89,178.78
2017-08-31 10:55:00,243.45517361111098,-22.6406801,10.38861644,13232.95,178.76
2017-08-31 10:56:00,243.45586805555598,-22.61550362,10.25688179,13231.36,178.75
2017-08-31 10:57:00,243.4565625,-22.59041134,10.12546307,13229.41,178.78
2017-08-31 10:58:00,243.457256944444,-22.5655891,9.99483586,13229.15,178.78
2017-08-31 10:59:00,243.457951388889,-22.54085215,9.86440066,13228.88,178.83
2017-08-31 11:00:00,243.458645833333,-22.51585132,9.73317919,13227.15,178.83
2017-08-31 11:01:00,243.459340277778,-22.4908682,9.60218026,13227.47,178.81
2017-08-31 11:02:00,243.460034722222,-22.46634944,9.47262055,13225.93,178.83
2017-08-31 11:03:00,243.460729166667,-22.44164386,9.34296533,13226.12,178.81
2017-08-31 11:04:00,243.461423611111,-22.4170748,9.21288302,13225.7,178.79
2017-08-31 11:05:00,243.462118055556,-22.3925701,9.08365964,13226.09,178.83
2017-08-31 11:06:00,243.4628125,-22.36800618,8.95548126,13224.14,178.81
2017-08-31 11:07:00,243.46350694444402,-22.34373902,8.82749999,13224.55,178.78
2017-08-31 11:08:00,243.464201388889,-22.31938175,8.69861212,13223.8,178.81
2017-08-31 11:09:00,243.464895833333,-22.29513668,8.57053307,13223.38,178.68
2017-08-31 11:10:00,243.465590277778,-22.27121219,8.44290093,13219.46,178.86
2017-08-31 11:11:00,243.46628472222199,-22.24709383,8.31514436,13220.07,178.84
2017-08-31 11:12:00,243.466979166667,-22.22287819,8.18728835,13220.7,178.89
2017-08-31 11:13:00,243.467673611111,-22.19871063,8.05959081,13220.37,178.8
2017-08-31 11:14:00,243.468368055556,-22.1741895,7.93185972,13221.46,178.78
2017-08-31 11:15:00,243.4690625,-22.14958659,7.80320861,13223.13,178.79
2017-08-31 11:16:00,243.46975694444401,-22.12506295,7.67428021,13221.76,178.77
2017-08-31 11:17:00,243.47045138888902,-22.10072721,7.54600284,13221.47,178.72
2017-08-31 11:18:00,243.47114583333303,-22.07657061,7.41834317,13221.05,178.84
2017-08-31 11:19:00,243.47184027777803,-22.05256058,7.29100437,13222.27,178.73
2017-08-31 11:20:00,243.47253472222198,-22.02858347,7.16326483,13223.43,178.75
2017-08-31 11:21:00,243.47322916666698,-22.0059577,7.03413803,13222.0,178.815
2017-08-31 11:22:00,243.473923611111,-22.00011525,6.90240682,13218.45,178.88
2017-08-31 11:23:00,243.474618055556,-22.00001285,6.77167696,13222.54,178.75
2017-08-31 11:24:00,243.4753125,-21.9999858,6.63983016,13220.28,178.77
2017-08-31 11:25:00,243.476006944444,-21.99998581,6.50759534,13220.35,178.79
2017-08-31 11:26:00,243.476701388889,-21.99998809,6.37512918,13220.66,182.595
2017-08-31 11:27:00,243.47739583333302,-21.9999816,6.24359549,12954.74,186.4
2017-08-31 11:28:00,243.47809027777802,-21.99989575,6.11338986,12650.0,195.4
2017-08-31 11:29:00,243.47878472222197,-21.99995756,5.98080663,12599.88,196.16
2017-08-31 11:30:00,243.47947916666698,-21.99995149,5.84821396,12599.23,196.92
2017-08-31 11:31:00,243.48017361111098,-21.99994374,5.71600687,12598.23,196.93
2017-08-31 11:32:00,243.480868055556,-21.99995791,5.58367732,12597.32,196.95
2017-08-31 11:33:00,243.4815625,-21.99992169,5.45165834,12596.18,196.92
2017-08-31 11:34:00,243.482256944444,-21.9999433,5.3197227,12596.63,196.95
2017-08-31 11:35:00,243.482951388889,-21.99993879,5.18781551,12597.66,196.89
2017-08-31 11:36:00,243.48364583333301,-21.99994278,5.05584233,12594.91,196.98
2017-08-31 11:37:00,243.48434027777802,-21.99994343,4.92398716,12593.72,196.95
2017-08-31 11:38:00,243.485034722222,-21.99994895,4.79252102,12593.86,196.94
2017-08-31 11:39:00,243.48572916666697,-21.99994447,4.66087427,12593.81,196.92
2017-08-31 11:40:00,243.48642361111098,-21.99992377,4.52871376,12591.27,196.98
2017-08-31 11:41:00,243.48711805555598,-21.99993378,4.39669012,12592.58,196.92
2017-08-31 11:42:00,243.4878125,-21.99994249,4.26492815,12590.86,196.96
2017-08-31 11:43:00,243.488506944444,-21.99995126,4.13283342,12592.62,196.89
2017-08-31 11:44:00,243.489201388889,-21.99993623,4.00007814,12591.39,196.91
2017-08-31 11:45:00,243.489895833333,-21.99995417,3.86717617,12590.51,196.86
2017-08-31 11:46:00,243.490590277778,-21.99991919,3.73429177,12588.21,197.0
2017-08-31 11:47:00,243.491284722222,-21.99991886,3.60160788,12588.87,196.92
2017-08-31 11:48:00,243.491979166667,-21.9999732,3.46924879,12587.74,197.0
2017-08-31 11:49:00,243.492673611111,-21.99988833,3.33677377,12588.69,196.93
2017-08-31 11:50:00,243.493368055556,-22.00025864,3.20317321,12590.0,200.205
2017-08-31 11:51:00,243.4940625,-22.00132945,3.06931868,12588.02,203.48
2017-08-31 11:52:00,243.49475694444402,-22.00223895,2.9363227000000003,12588.83,206.755
2017-08-31 11:53:00,243.495451388889,-22.00279118,2.80244282,12176.76,210.03
2017-08-31 11:54:00,243.496145833333,-21.99858561,2.66969112,11544.42,231.15
2017-08-31 11:55:00,243.496840277778,-21.93069783,2.56987906,10912.48,253.89
2017-08-31 11:56:00,243.49753472222199,-21.82690983,2.57247437,10277.91,278.25
2017-08-31 11:57:00,243.498229166667,-21.80696708,2.66730034,9617.93,305.52
2017-08-31 11:58:00,243.498923611111,-21.90525448,2.71363522,8936.73,335.95
2017-08-31 11:59:00,243.499618055556,-21.98783849,2.77962882,8292.08,366.84
2017-08-31 12:00:00,243.5003125,-21.99915764,2.88631326,7653.82,399.51
2017-08-31 12:01:00,243.50100694444401,-22.00000189,2.99124712,7000.74,435.11
2017-08-31 12:02:00,243.50170138888902,-21.99996062,3.09301577,6345.84,473.48
2017-08-31 12:03:00,243.50239583333303,-21.99998802,3.18922853,5690.11,514.68
2017-08-31 12:04:00,243.50309027777803,-22.00001873,3.27928819,5038.86,558.47
2017-08-31 12:05:00,243.50378472222198,-22.00001932,3.36430263,4393.95,605.32
2017-08-31 12:06:00,243.50447916666698,-22.000026000000002,3.44633036,3744.13,655.15
2017-08-31 12:07:00,243.505173611111,-22.00001121,3.52809769,3093.25,708.26
2017-08-31 12:08:00,243.505868055556,-22.00002702,3.60506089,2593.62,751.9
2017-08-31 12:09:00,243.5065625,-22.00005736,3.67469222,2274.11,780.79
2017-08-31 12:10:00,243.507256944444,-22.00005987,3.74277994,2237.69,782.4
2017-08-31 12:11:00,243.507951388889,-22.00004286,3.81094628,2238.86,784.01
2017-08-31 12:12:00,243.50864583333302,-22.00005063,3.87921807,2236.5,783.98
2017-08-31 12:13:00,243.50934027777802,-22.00002443,3.94770685,2240.49,784.05
2017-08-31 12:14:00,243.51003472222197,-22.00003703,4.01646066,2240.7,784.01
2017-08-31 12:15:00,243.51072916666698,-22.00005053,4.08529121,2237.21,784.08
2017-08-31 12:16:00,243.51142361111098,-22.00004485,4.1540004,2234.64,783.93
2017-08-31 12:17:00,243.512118055556,-22.00003477,4.2223723,2230.84,783.76
2017-08-31 12:18:00,243.5128125,-22.0000258,4.29050777,2224.14,783.7
2017-08-31 12:19:00,243.513506944444,-22.0000577,4.35889906,2242.66,783.76
2017-08-31 12:20:00,243.514201388889,-22.0000315,4.42725083,2242.22,783.65
2017-08-31 12:21:00,243.51489583333301,-22.00003928,4.49550923,2243.19,783.58
2017-08-31 12:22:00,243.51559027777802,-22.00003446,4.563635400000001,2242.84,783.51
2017-08-31 12:23:00,243.516284722222,-22.00001974,4.63166247,2243.66,783.42
2017-08-31 12:24:00,243.51697916666697,-22.00004308,4.69932464,2244.57,783.35
2017-08-31 12:25:00,243.51767361111098,-22.00004148,4.76674917,2244.43,783.3
2017-08-31 12:26:00,243.51836805555598,-22.00005318,4.83471563,2242.28,783.4
2017-08-31 12:27:00,243.5190625,-22.00002933,4.90310491,2243.25,783.29
2017-08-31 12:28:00,243.519756944444,-22.00005451,4.97167162,2244.32,783.39
2017-08-31 12:29:00,243.520451388889,-22.00005141,5.04043667,2245.6,783.31
2017-08-31 12:30:00,243.521145833333,-22.00001277,5.10911684,2245.12,783.26
2017-08-31 12:31:00,243.521840277778,-22.00005243,5.17790523,2246.33,783.17
2017-08-31 12:32:00,243.522534722222,-21.99999869,5.24681284,2246.91,783.1
2017-08-31 12:33:00,243.523229166667,-22.00001323,5.31552382,2246.13,783.2
2017-08-31 12:34:00,243.523923611111,-22.00002385,5.38414868,2246.68,783.07
2017-08-31 12:35:00,243.524618055556,-22.0000164,5.45302282,2246.27,783.1
2017-08-31 12:36:00,243.5253125,-21.99998946,5.52160818,2246.85,783.11
2017-08-31 12:37:00,243.52600694444402,-22.00002172,5.59005815,2247.74,783.04
2017-08-31 12:38:00,243.526701388889,-22.00006268,5.65826574,2245.85,783.11
2017-08-31 12:39:00,243.527395833333,-21.99995885,5.72667969,2246.4,783.06
2017-08-31 12:40:00,243.528090277778,-22.00001085,5.79544022,2245.88,783.08
2017-08-31 12:41:00,243.52878472222199,-21.99999224,5.86408514,2246.59,782.96
2017-08-31 12:42:00,243.529479166667,-21.99998502,5.93283196,2245.45,783.0
2017-08-31 12:43:00,243.530173611111,-21.99997514,6.00195697,2245.1,783.09
2017-08-31 12:44:00,243.530868055556,-22.00001084,6.07113186,2244.06,783.17
2017-08-31 12:45:00,243.5315625,-21.99999235,6.13985467,2245.65,782.96
2017-08-31 12:46:00,243.53225694444401,-21.99998005,6.2092711,2243.56,783.09
2017-08-31 12:47:00,243.53295138888902,-22.00000169,6.27833968,2243.16,783.06
2017-08-31 12:48:00,243.53364583333303,-21.99997877,6.34755785,2244.21,783.03
2017-08-31 12:49:00,243.53434027777803,-21.99999362,6.41670026,2244.56,783.03
2017-08-31 12:50:00,243.53503472222198,-21.99998941,6.48581968,2245.0,783.03
2017-08-31 12:51:00,243.53572916666698,-21.99999714,6.5547266,2243.54,783.14
2017-08-31 12:52:00,243.536423611111,-22.00000276,6.62382182,2243.99,783.04
2017-08-31 12:53:00,243.537118055556,-21.9999641,6.69297181,2245.47,782.83
2017-08-31 12:54:00,243.5378125,-22.00003552,6.7619293,2245.37,774.145
2017-08-31 12:55:00,243.538506944444,-21.99994857,6.83073391,2437.83,765.46
2017-08-31 12:56:00,243.539201388889,-21.99946562,6.90197184,2771.21,735.95
2017-08-31 12:57:00,243.53989583333302,-21.99826547,6.97748753,3094.56,708.15
2017-08-31 12:58:00,243.54059027777802,-21.98922007,7.05237708,3214.09,703.11
2017-08-31 12:59:00,243.54128472222197,-21.92414143,7.04540428,3214.17,698.07
2017-08-31 13:00:00,243.54197916666698,-21.9539567,6.98483316,3210.39,698.48
2017-08-31 13:01:00,243.54267361111098,-21.99527251,6.926017900000001,3215.59,698.03
2017-08-31 13:02:00,243.543368055556,-21.99964959,6.85049956,3213.19,698.27
2017-08-31 13:03:00,243.5440625,-21.99993148,6.77227473,3213.11,698.29
2017-08-31 13:04:00,243.544756944444,-21.99984959,6.69464465,3213.1,698.23
2017-08-31 13:05:00,243.545451388889,-21.99988946,6.61721497,3212.02,698.28
2017-08-31 13:06:00,243.54614583333301,-21.99988314,6.53957332,3210.71,698.39
2017-08-31 13:07:00,243.54684027777802,-21.99988268,6.46185081,3211.32,698.28
2017-08-31 13:08:00,243.547534722222,-21.99988141,6.38403489,3211.94,698.3
2017-08-31 13:09:00,243.54822916666697,-21.99989658,6.30646305,3210.95,698.35
2017-08-31 13:10:00,243.54892361111098,-21.99989464,6.22871958,3210.79,698.4
2017-08-31 13:11:00,243.54961805555598,-21.99988708,6.15057896,3212.02,698.32
2017-08-31 13:12:00,243.5503125,-21.99989867,6.07244429,3212.81,698.31
2017-08-31 13:13:00,243.551006944444,-21.99993432,5.99451473,3212.58,698.35
2017-08-31 13:14:00,243.551701388889,-21.99990972,5.91681225,3212.82,698.35
2017-08-31 13:15:00,243.552395833333,-21.999877800000004,5.83894512,3212.67,698.37
2017-08-31 13:16:00,243.553090277778,-21.99994894,5.7610060999999995,3212.48,698.36
2017-08-31 13:17:00,243.553784722222,-21.99995812,5.68307957,3213.04,698.34
2017-08-31 13:18:00,243.554479166667,-21.99994565,5.60541417,3211.07,698.4
2017-08-31 13:19:00,243.555173611111,-21.99997089,5.52814767,3211.83,698.3
2017-08-31 13:20:00,243.555868055556,-21.99996653,5.45123562,3211.44,698.29
2017-08-31 13:21:00,243.5565625,-21.999987,5.37403658,3211.32,698.32
2017-08-31 13:22:00,243.55725694444402,-21.99997496,5.29684092,3211.78,698.3
2017-08-31 13:23:00,243.557951388889,-21.99991697,5.21932492,3211.41,698.34
2017-08-31 13:24:00,243.558645833333,-22.00003981,5.1418654,3211.02,698.37
2017-08-31 13:25:00,243.559340277778,-21.99995894,5.06452963,3211.1,698.34
2017-08-31 13:26:00,243.56003472222199,-22.00001911,4.98722375,3210.39,698.4
2017-08-31 13:27:00,243.560729166667,-21.99997502,4.90997251,3211.13,698.31
2017-08-31 13:28:00,243.561423611111,-22.00000986,4.83246772,3210.06,698.34
2017-08-31 13:29:00,243.562118055556,-21.999995600000002,4.75533257,3209.29,698.36
2017-08-31 13:30:00,243.5628125,-22.00000324,4.67832433,3208.61,698.39
2017-08-31 13:31:00,243.56350694444401,-21.99999413,4.60165673,3208.29,698.31
2017-08-31 13:32:00,243.56420138888902,-22.00000076,4.52541407,3208.11,698.33
2017-08-31 13:33:00,243.56489583333303,-22.00000047,4.4492993,3208.39,698.32
2017-08-31 13:34:00,243.56559027777803,-22.00003219,4.37315619,3207.36,698.34
2017-08-31 13:35:00,243.56628472222198,-22.00002413,4.29675235,3207.65,698.36
2017-08-31 13:36:00,243.56697916666698,-22.00004188,4.22043256,3207.79,698.36
2017-08-31 13:37:00,243.567673611111,-22.00004337,4.14408882,3206.97,698.39
2017-08-31 13:38:00,243.568368055556,-22.00005376,4.06745103,3206.93,698.38
2017-08-31 13:39:00,243.5690625,-22.00006071,3.99070717,3206.12,698.37
2017-08-31 13:40:00,243.569756944444,-22.00006745,3.91408087,3206.12,698.31
2017-08-31 13:41:00,243.570451388889,-22.00004968,3.83765373,3205.68,698.34
2017-08-31 13:42:00,243.57114583333302,-22.00002838,3.76122374,3205.59,698.33
2017-08-31 13:43:00,243.57184027777802,-22.00002711,3.68470881,3204.8,698.37
2017-08-31 13:44:00,243.57253472222197,-22.000096799999998,3.60813293,3204.36,698.39
2017-08-31 13:45:00,243.57322916666698,-22.00005136,3.5318226999999998,3204.32,698.31
2017-08-31 13:46:00,243.57392361111098,-22.0000746,3.45581559,3202.84,698.37
2017-08-31 13:47:00,243.574618055556,-22.00004636,3.37992968,3202.92,698.32
2017-08-31 13:48:00,243.5753125,-22.00006664,3.30423421,3201.9,698.33
2017-08-31 13:49:00,243.576006944444,-22.00003522,3.22856785,3200.72,698.305
2017-08-31 13:50:00,243.576701388889,-21.99958315,3.15295281,3201.33,698.28
2017-08-31 13:51:00,243.57739583333301,-21.99977363,3.07738849,3198.28,698.54
2017-08-31 13:52:00,243.57809027777802,-21.99989127,3.00204743,3200.78,698.34
2017-08-31 13:53:00,243.578784722222,-21.95894347,2.95211951,3722.79,655.97
2017-08-31 13:54:00,243.57947916666697,-21.91914966,3.0110273999999997,4384.83,605.31
2017-08-31 13:55:00,243.58017361111098,-21.97377512,3.07525661,5011.25,560.07
2017-08-31 13:56:00,243.58086805555598,-21.99818688,3.15977752,5666.86,515.77
2017-08-31 13:57:00,243.5815625,-21.99981688,3.25094673,6319.33,474.46
2017-08-31 13:58:00,243.582256944444,-21.99984489,3.34370831,6974.94,435.87
2017-08-31 13:59:00,243.582951388889,-21.99982181,3.44028856,7632.13,399.92
2017-08-31 14:00:00,243.583645833333,-21.99979575,3.54283664,7751.24,396.81
2017-08-31 14:01:00,243.584340277778,-21.99986646,3.64625186,7751.46,393.7
2017-08-31 14:02:00,243.585034722222,-21.99979585,3.75016087,7751.56,393.71
2017-08-31 14:03:00,243.585729166667,-21.99987338,3.85391142,7752.11,393.77
2017-08-31 14:04:00,243.586423611111,-21.99983515,3.95740311,7751.75,393.77
2017-08-31 14:05:00,243.587118055556,-21.99982764,4.06105629,7749.06,393.75
2017-08-31 14:06:00,243.5878125,-21.99981977,4.16509765,7749.88,393.8
2017-08-31 14:07:00,243.58850694444402,-21.99982685,4.26916028,7750.55,393.82
2017-08-31 14:08:00,243.589201388889,-21.99982487,4.37319409,7752.63,393.8
2017-08-31 14:09:00,243.589895833333,-21.99982723,4.47743271,7753.28,393.91
2017-08-31 14:10:00,243.590590277778,-21.99983397,4.58181095,7755.78,393.86
2017-08-31 14:11:00,243.59128472222199,-21.999838600000004,4.68626265,7753.89,393.92
2017-08-31 14:12:00,243.591979166667,-21.99982033,4.79066507,7752.88,393.91
2017-08-31 14:13:00,243.592673611111,-21.99982624,4.89498311,7752.58,393.95
2017-08-31 14:14:00,243.593368055556,-21.99982775,4.99927073,7753.35,393.96
2017-08-31 14:15:00,243.5940625,-21.99982791,5.10360763,7754.18,393.95
2017-08-31 14:16:00,243.59475694444401,-21.99981899,5.2079633,7752.66,394.01
2017-08-31 14:17:00,243.59545138888902,-21.99983356,5.31233262,7752.86,393.96
2017-08-31 14:18:00,243.59614583333303,-21.99983828,5.41647182,7754.78,393.96
2017-08-31 14:19:00,243.59684027777803,-21.9999796,5.52059239,7752.62,393.99
2017-08-31 14:20:00,243.59753472222198,-21.99999739,5.62470864,7752.84,393.99
2017-08-31 14:21:00,243.59822916666698,-21.99998935,5.72859002,7752.74,393.97
2017-08-31 14:22:00,243.598923611111,-22.00000015,5.83253454,7752.39,394.02
2017-08-31 14:23:00,243.599618055556,-22.00000277,5.93633984,7752.83,393.97
2017-08-31 14:24:00,243.6003125,-21.99999468,6.0403007,7752.13,393.99
2017-08-31 14:25:00,243.601006944444,-21.9999859,6.14411702,7752.13,393.94
2017-08-31 14:26:00,243.601701388889,-21.99997481,6.24788006,7753.36,393.9
2017-08-31 14:27:00,243.60239583333302,-21.99997631,6.35184688,7751.26,394.0
2017-08-31 14:28:00,243.60309027777802,-21.99997282,6.45563641,7750.93,393.96
2017-08-31 14:29:00,243.60378472222197,-21.99998182,6.55962353,7748.97,394.05
2017-08-31 14:30:00,243.60447916666698,-21.99997434,6.66391952,7751.15,393.94
2017-08-31 14:31:00,243.60517361111098,-21.99997725,6.76824908,7751.65,393.94
2017-08-31 14:32:00,243.605868055556,-21.99997337,6.87279719,7753.14,393.96
2017-08-31 14:33:00,243.6065625,-22.0000473,6.97674798,7751.57,394.16
2017-08-31 14:34:00,243.607256944444,-22.01501416,7.07950681,7752.44,394.03
2017-08-31 14:35:00,243.607951388889,-22.034184600000003,7.18152506,7751.11,394.01
2017-08-31 14:36:00,243.60864583333301,-22.05344049,7.28406992,7751.9,393.99
2017-08-31 14:37:00,243.60934027777802,-22.07299801,7.38768664,7752.07,393.97
2017-08-31 14:38:00,243.610034722222,-22.09241943,7.49158718,7751.79,393.98
2017-08-31 14:39:00,243.61072916666697,-22.11187057,7.595256299999999,7752.18,393.99
2017-08-31 14:40:00,243.61142361111098,-22.13128507,7.69844107,7877.49,387.47
2017-08-31 14:41:00,243.61211805555598,-22.15095102,7.80257277,8533.07,354.88
2017-08-31 14:42:00,243.6128125,-22.17067148,7.90825968,9191.33,324.3
2017-08-31 14:43:00,243.613506944444,-22.19090903,8.01507781,9843.66,296.12
2017-08-31 14:44:00,243.614201388889,-22.21119036,8.12194433,10447.48,271.79
2017-08-31 14:45:00,243.614895833333,-22.23147484,8.22942538,10999.5,250.91
2017-08-31 14:46:00,243.615590277778,-22.25195307,8.33795766,11339.68,238.68
2017-08-31 14:47:00,243.616284722222,-22.27399304,8.45545179,11338.78,238.7
2017-08-31 14:48:00,243.616979166667,-22.29706138,8.57762098,11338.29,234.541818181818
2017-08-31 14:49:00,243.617673611111,-22.32022051,8.70011619,11337.23,230.38363636363601
2017-08-31 14:50:00,243.618368055556,-22.34334362,8.8225337,11339.29,226.22545454545502
2017-08-31 14:51:00,243.6190625,-22.36681701,8.945929,11339.63,222.06727272727298
2017-08-31 14:52:00,243.61975694444402,-22.39030138,9.06953421,11340.42,217.909090909091
2017-08-31 14:53:00,243.620451388889,-22.413683399999996,9.19287814,11340.75,213.750909090909
2017-08-31 14:54:00,243.621145833333,-22.43684065,9.31542124,11341.94,209.59272727272702
2017-08-31 14:55:00,243.621840277778,-22.46029027,9.43889608,11348.12,205.43454545454497
2017-08-31 14:56:00,243.62253472222199,-22.48387044,9.56265566,11348.45,201.27636363636398
2017-08-31 14:57:00,243.623229166667,-22.50744903,9.68656121,11711.97,197.118181818182
2017-08-31 14:58:00,243.623923611111,-22.53091425,9.81022017,12254.23,192.96
2017-08-31 14:59:00,243.624618055556,-22.55382353,9.93080224,12841.33,188.80181818181802
2017-08-31 15:00:00,243.6253125,-22.57608895,10.0485951,13256.42,184.643636363636
2017-08-31 15:01:00,243.62600694444401,-22.59831799,10.164644000000001,13598.4,180.485454545455
2017-08-31 15:02:00,243.62670138888902,-22.62043198,10.2802767,13824.52,176.327272727273
2017-08-31 15:03:00,243.62739583333303,-22.64275979,10.39683921,14011.88,172.16909090909098
2017-08-31 15:04:00,243.62809027777803,-22.66530182,10.51455643,14156.22,168.010909090909
2017-08-31 15:05:00,243.62878472222198,-22.68795727,10.63379941,14274.13,163.85272727272698
2017-08-31 15:06:00,243.62947916666698,-22.71081004,10.75406377,14367.11,159.694545454545
2017-08-31 15:07:00,243.630173611111,-22.73417371,10.87530932,14435.73,155.536363636364
2017-08-31 15:08:00,243.630868055556,-22.75792622,10.99896916,14437.03,151.378181818182
2017-08-31 15:09:00,243.6315625,-22.78176552,11.1240616,14430.78,147.22
2017-08-31 15:10:00,243.632256944444,-22.80577673,11.24903619,14431.14,147.27
2017-08-31 15:11:00,243.632951388889,-22.82977929,11.37376251,14435.97,147.16
2017-08-31 15:12:00,243.63364583333302,-22.85366944,11.49812851,14432.68,147.23
2017-08-31 15:13:00,243.63434027777802,-22.877573,11.62256165,14430.84,147.3
2017-08-31 15:14:00,243.63503472222197,-22.90156699,11.74695177,14436.1,147.23
2017-08-31 15:15:00,243.63572916666698,-22.92553539,11.87116698,14438.26,147.21
2017-08-31 15:16:00,243.63642361111098,-22.94950675,11.99530995,14438.9,147.25
2017-08-31 15:17:00,243.637118055556,-22.97351277,12.11958227,14439.92,147.26
2017-08-31 15:18:00,243.6378125,-22.99759689,12.24403435,14440.97,147.3
2017-08-31 15:19:00,243.638506944444,-23.02171755,12.36860215,14449.23,147.3
2017-08-31 15:20:00,243.639201388889,-23.04589528,12.49301498,14460.63,147.27
2017-08-31 15:21:00,243.63989583333301,-23.07012242,12.61740655,14447.39,147.37
2017-08-31 15:22:00,243.64059027777802,-23.09425297,12.742113,14441.74,147.42
2017-08-31 15:23:00,243.641284722222,-23.11865062,12.86740746,14445.38,147.38
2017-08-31 15:24:00,243.64197916666697,-23.14310052,12.9925671,14443.95,147.36
2017-08-31 15:25:00,243.64267361111098,-23.1675084,13.11785723,14440.96,147.44
2017-08-31 15:26:00,243.64336805555598,-23.19176341,13.24283513,14442.61,147.4
2017-08-31 15:27:00,243.6440625,-23.21604436,13.36755882,14443.74,147.32
2017-08-31 15:28:00,243.644756944444,-23.239215100000003,13.49270867,14444.46,147.4
2017-08-31 15:29:00,243.645451388889,-23.24907043,13.61936022,14444.96,147.43
2017-08-31 15:30:00,243.646145833333,-23.25697609,13.74511277,14073.78,156.62
2017-08-31 15:31:00,243.646840277778,-23.26465709,13.86852027,13485.08,172.24
2017-08-31 15:32:00,243.647534722222,-23.27239765,13.99405134,12881.54,189.49
2017-08-31 15:33:00,243.648229166667,-23.28055904,14.12337097,12630.97,196.9
2017-08-31 15:34:00,243.648923611111,-23.28859398,14.25424586,12632.15,196.94
2017-08-31 15:35:00,243.649618055556,-23.29675034,14.38408061,12630.15,196.95
2017-08-31 15:36:00,243.6503125,-23.30474756,14.51205782,12642.46,196.29
2017-08-31 15:37:00,243.65100694444402,-23.31241274,14.64039045,12634.62,196.3
2017-08-31 15:38:00,243.651701388889,-23.32068522,14.77309106,12633.7,198.17
2017-08-31 15:39:00,243.652395833333,-23.32871722,14.90501707,12634.67,196.86
2017-08-31 15:40:00,243.653090277778,-23.3372022,15.03368392,12640.21,196.62
2017-08-31 15:41:00,243.65378472222199,-23.34496339,15.16257635,12638.51,197.03
2017-08-31 15:42:00,243.654479166667,-23.35337432,15.29140529,12639.16,196.64
2017-08-31 15:43:00,243.655173611111,-23.36137807,15.42093226,12640.19,196.99
2017-08-31 15:44:00,243.655868055556,-23.36966223,15.55077133,12641.31,196.63
2017-08-31 15:45:00,243.6565625,-23.37780699,15.68078982,12641.37,197.15
2017-08-31 15:46:00,243.65725694444401,-23.385912899999997,15.80980546,12641.29,196.5
2017-08-31 15:47:00,243.65795138888902,-23.39408485,15.93964341,12637.37,197.13
2017-08-31 15:48:00,243.65864583333303,-23.40228257,16.06991514,12637.87,196.86
2017-08-31 15:49:00,243.65934027777803,-23.41047306,16.19952965,12635.36,196.98
2017-08-31 15:50:00,243.66003472222198,-23.41864444,16.32870266,12631.48,196.96
2017-08-31 15:51:00,243.66072916666698,-23.42680281,16.45753555,12631.11,196.97
2017-08-31 15:52:00,243.661423611111,-23.43495235,16.58600924,12629.75,196.7
2017-08-31 15:53:00,243.662118055556,-23.44310777,16.71453424,12630.78,197.1
2017-08-31 15:54:00,243.6628125,-23.45131439,16.84377031,12628.65,197.18
2017-08-31 15:55:00,243.663506944444,-23.4594975,16.97309131,12632.08,197.11
2017-08-31 15:56:00,243.664201388889,-23.46769271,17.10242433,12630.82,197.12
2017-08-31 15:57:00,243.66489583333302,-23.47584282,17.23019818,12629.02,197.11
2017-08-31 15:58:00,243.66559027777802,-23.484118,17.3579004,12628.89,197.11
2017-08-31 15:59:00,243.66628472222197,-23.49228599,17.48635739,12628.63,196.94
2017-08-31 16:00:00,243.66697916666698,-23.50046332,17.61427376,12628.19,197.14
2017-08-31 16:01:00,243.66767361111098,-23.50866305,17.74144274,12628.17,197.08
2017-08-31 16:02:00,243.668368055556,-23.51680086,17.86911255,12625.51,197.12
2017-08-31 16:03:00,243.6690625,-23.5249895,17.99602469,12627.33,197.07
2017-08-31 16:04:00,243.669756944444,-23.53312746,18.12236831,12628.25,197.1
2017-08-31 16:05:00,243.670451388889,-23.53977714,18.24962146,12521.19,200.39
2017-08-31 16:06:00,243.67114583333301,-23.54678095,18.37546839,11886.03,220.77
2017-08-31 16:07:00,243.67184027777802,-23.55365273,18.49769269,11239.49,243.16
2017-08-31 16:08:00,243.672534722222,-23.56044843,18.61687914,10591.19,267.25
2017-08-31 16:09:00,243.67322916666697,-23.62978129,18.70142321,9942.19,293.23
2017-08-31 16:10:00,243.67392361111098,-23.72683325,18.66056697,9281.32,321.75
2017-08-31 16:11:00,243.67461805555598,-23.70370534,18.56758814,8631.61,351.34
2017-08-31 16:12:00,243.6753125,-23.62736165,18.49843772,7993.56,382.85
2017-08-31 16:13:00,243.676006944444,-23.56577734,18.42144569,7347.2,417.08
2017-08-31 16:14:00,243.676701388889,-23.55426844,18.32309418,6689.49,454.33
2017-08-31 16:15:00,243.677395833333,-23.55160961,18.22662955,6018.73,495.01
2017-08-31 16:16:00,243.678090277778,-23.54969706,18.13780698,5364.57,537.61
2017-08-31 16:17:00,243.678784722222,-23.54771207,18.0553827,4719.1,582.72
2017-08-31 16:18:00,243.679479166667,-23.54598685,17.97507236,4068.74,631.08
2017-08-31 16:19:00,243.680173611111,-23.54443842,17.89719984,3419.21,682.63
2017-08-31 16:20:00,243.680868055556,-23.54283233,17.82103749,2811.46,733.73
2017-08-31 16:21:00,243.6815625,-23.54133183,17.74827794,2381.31,771.65
2017-08-31 16:22:00,243.68225694444402,-23.53978591,17.67911719,2285.64,780.22
2017-08-31 16:23:00,243.682951388889,-23.53829448,17.6108497,2285.46,780.2
2017-08-31 16:24:00,243.683645833333,-23.53687103,17.5431395,2284.12,780.22
2017-08-31 16:25:00,243.684340277778,-23.53543676,17.47538934,2284.1,780.12
2017-08-31 16:26:00,243.68503472222199,-23.53394275,17.40721331,2282.62,780.19
2017-08-31 16:27:00,243.685729166667,-23.532736399999997,17.33887723,2283.58,779.94
2017-08-31 16:28:00,243.686423611111,-23.53133563,17.27042284,2282.31,779.9
2017-08-31 16:29:00,243.687118055556,-23.52983986,17.20203265,2282.24,779.78
2017-08-31 16:30:00,243.6878125,-23.52840706,17.13371364,2281.51,779.74
2017-08-31 16:31:00,243.68850694444401,-23.52697982,17.06565097,2280.43,779.67
2017-08-31 16:32:00,243.68920138888902,-23.52550253,16.99723462,2279.82,779.59
2017-08-31 16:33:00,243.68989583333303,-23.52405747,16.92849322,2279.97,779.45
2017-08-31 16:34:00,243.69059027777803,-23.52261521,16.86019395,2278.62,779.5
2017-08-31 16:35:00,243.69128472222198,-23.52111237,16.79169819,2277.42,779.5
2017-08-31 16:36:00,243.69197916666698,-23.51962979,16.72290147,2276.2,779.47
2017-08-31 16:37:00,243.692673611111,-23.51821398,16.653861300000003,2275.68,779.36
2017-08-31 16:38:00,243.693368055556,-23.5167776,16.584569199999997,2275.18,779.31
2017-08-31 16:39:00,243.6940625,-23.51532809,16.51571523,2275.66,779.17
2017-08-31 16:40:00,243.694756944444,-23.51383053,16.44687346,2273.1,779.21
2017-08-31 16:41:00,243.695451388889,-23.5123825,16.37758745,2272.17,779.09
2017-08-31 16:42:00,243.69614583333302,-23.51091251,16.30800886,2268.64,779.24
2017-08-31 16:43:00,243.69684027777802,-23.5094522,16.23849665,2266.98,779.16
2017-08-31 16:44:00,243.69753472222197,-23.50787816,16.1704578,2265.95,779.19
2017-08-31 16:45:00,243.69822916666698,-23.50645802,16.10166827,2264.69,779.2
2017-08-31 16:46:00,243.69892361111098,-23.50512622,16.03247856,2264.92,779.13
2017-08-31 16:47:00,243.699618055556,-23.50362925,15.96408109,2262.79,779.13
2017-08-31 16:48:00,243.7003125,-23.50219341,15.89603495,2261.19,779.13
2017-08-31 16:49:00,243.701006944444,-23.50074539,15.82789606,2262.53,778.96
2017-08-31 16:50:00,243.701701388889,-23.49933945,15.75983445,2259.3,779.09
2017-08-31 16:51:00,243.70239583333301,-23.49793928,15.69258441,2259.72,778.98
2017-08-31 16:52:00,243.70309027777802,-23.49649116,15.62542783,2259.26,778.98
2017-08-31 16:53:00,243.703784722222,-23.49343773,15.55921583,2258.85,778.86
2017-08-31 16:54:00,243.70447916666697,-23.4496998,15.51819311,2258.13,779.02
2017-08-31 16:55:00,243.70517361111098,-23.40251928,15.47945091,2260.08,778.9
2017-08-31 16:56:00,243.70586805555598,-23.354694,15.44103542,2259.28,778.93
2017-08-31 16:57:00,243.7065625,-23.30710928,15.40298297,2257.66,779.06
2017-08-31 16:58:00,243.707256944444,-23.26025588,15.36475963,2257.77,779.03
2017-08-31 16:59:00,243.707951388889,-23.20936304,15.35481011,2386.0,767.32
2017-08-31 17:00:00,243.708645833333,-23.20720721,15.42175632,3032.49,710.82
2017-08-31 17:01:00,243.709340277778,-23.21658087,15.49882675,3681.73,657.62
2017-08-31 17:02:00,243.710034722222,-23.22584827,15.57707009,3834.37,645.69
2017-08-31 17:03:00,243.710729166667,-23.23518375,15.65529015,3836.12,645.67
2017-08-31 17:04:00,243.711423611111,-23.24458927,15.73420908,3835.32,645.76
2017-08-31 17:05:00,243.712118055556,-23.25418612,15.81384846,3835.68,645.72
2017-08-31 17:06:00,243.7128125,-23.26374784,15.89386876,3838.37,645.68
2017-08-31 17:07:00,243.71350694444402,-23.27335999,15.97381845,3837.52,645.77
2017-08-31 17:08:00,243.714201388889,-23.28285041,16.05307558,3838.34,645.77
2017-08-31 17:09:00,243.714895833333,-23.29242027,16.13282138,3839.18,645.74
2017-08-31 17:10:00,243.715590277778,-23.30194203,16.21208819,3841.36,645.71
2017-08-31 17:11:00,243.71628472222199,-23.31141456,16.29053303,3840.35,645.83
2017-08-31 17:12:00,243.716979166667,-23.32087319,16.36937232,3841.26,645.8
2017-08-31 17:13:00,243.717673611111,-23.33044128,16.44863652,3841.55,645.79
2017-08-31 17:14:00,243.718368055556,-23.339971399999996,16.5272696,3842.7,645.87
2017-08-31 17:15:00,243.7190625,-23.34945632,16.60571302,3844.6,645.78
2017-08-31 17:16:00,243.71975694444401,-23.35905872,16.68489686,3844.45,645.83
2017-08-31 17:17:00,243.72045138888902,-23.36869707,16.7641867,3844.36,645.92
2017-08-31 17:18:00,243.72114583333303,-23.37829179,16.84304122,3846.33,645.85
2017-08-31 17:19:00,243.72184027777803,-23.38781591,16.92158677,3848.17,645.8
2017-08-31 17:20:00,243.72253472222198,-23.39731738,16.99968211,3848.29,645.93
2017-08-31 17:21:00,243.72322916666698,-23.40695689,17.07861608,3849.4,645.92
2017-08-31 17:22:00,243.723923611111,-23.41662754,17.15727835,3851.18,645.85
2017-08-31 17:23:00,243.724618055556,-23.42614397,17.23602468,3851.78,645.96
2017-08-31 17:24:00,243.7253125,-23.43565362,17.31423086,3853.24,645.89
2017-08-31 17:25:00,243.726006944444,-23.44516724,17.39212467,3856.04,645.82
2017-08-31 17:26:00,243.726701388889,-23.45463048,17.46970195,3859.94,645.82
2017-08-31 17:27:00,243.72739583333302,-23.46407025,17.54689201,3860.55,645.86
2017-08-31 17:28:00,243.72809027777802,-23.47347551,17.62393353,3862.06,645.79
2017-08-31 17:29:00,243.72878472222197,-23.48299285,17.70123825,3860.83,645.89
2017-08-31 17:30:00,243.72947916666698,-23.49247531,17.77846867,3858.83,646.01
2017-08-31 17:31:00,243.73017361111098,-23.50184592,17.8553125,3864.01,645.87
2017-08-31 17:32:00,243.730868055556,-23.51132219,17.93222225,3865.74,645.91
2017-08-31 17:33:00,243.7315625,-23.52086417,18.00933869,3866.58,645.94
2017-08-31 17:34:00,243.732256944444,-23.53042757,18.08674604,3866.55,645.89
2017-08-31 17:35:00,243.732951388889,-23.53545003,18.16400461,3864.54,645.91
2017-08-31 17:36:00,243.73364583333301,-23.53991338,18.24130123,3872.19,645.85
2017-08-31 17:37:00,243.73434027777802,-23.54427718,18.31861827,3873.21,645.92
2017-08-31 17:38:00,243.735034722222,-23.54861778,18.39589617,3875.67,645.79
2017-08-31 17:39:00,243.73572916666697,-23.55295139,18.47354511,3874.69,645.94
2017-08-31 17:40:00,243.73642361111098,-23.55728878,18.55175374,3876.55,645.92
2017-08-31 17:41:00,243.73711805555598,-23.55674972,18.62898001,3891.95,644.64
2017-08-31 17:42:00,243.7378125,-23.49562681,18.63341668,4525.88,596.75
2017-08-31 17:43:00,243.738506944444,-23.51621097,18.56126195,5169.16,550.91
2017-08-31 17:44:00,243.739201388889,-23.54960896,18.48238255,5805.9,507.95
2017-08-31 17:45:00,243.739895833333,-23.54857964,18.39598582,6463.37,466.92
2017-08-31 17:46:00,243.740590277778,-23.54403931,18.30808822,7121.87,428.86
2017-08-31 17:47:00,243.741284722222,-23.53915213,18.21880265,7755.01,394.65
2017-08-31 17:48:00,243.741979166667,-23.53417915,18.12777746,7772.09,393.73
2017-08-31 17:49:00,243.742673611111,-23.531396100000002,18.03586191,7772.61,393.7
2017-08-31 17:50:00,243.743368055556,-23.53010653,17.94351294,7771.5,393.72
2017-08-31 17:51:00,243.7440625,-23.52863119,17.85182708,7770.28,393.75
2017-08-31 17:52:00,243.74475694444402,-23.52714938,17.75926406,7769.81,393.74
2017-08-31 17:53:00,243.745451388889,-23.52565815,17.66671818,7768.59,393.77
2017-08-31 17:54:00,243.746145833333,-23.5241493,17.57407644,7765.77,393.89
2017-08-31 17:55:00,243.746840277778,-23.52266016,17.48117805,7766.66,393.81
2017-08-31 17:56:00,243.74753472222199,-23.52115476,17.38802271,7766.78,393.83
2017-08-31 17:57:00,243.748229166667,-23.51964783,17.29523618,7764.98,393.91
2017-08-31 17:58:00,243.748923611111,-23.51812962,17.20250014,7765.69,393.88
2017-08-31 17:59:00,243.749618055556,-23.51661692,17.10895492,7763.58,393.94
2017-08-31 18:00:00,243.7503125,-23.5150705,17.01553819,7763.62,393.92
2017-08-31 18:01:00,243.75100694444401,-23.51352691,16.92168119,7763.33,393.92
2017-08-31 18:02:00,243.75170138888902,-23.51199442,16.82819136,7762.4,393.91
2017-08-31 18:03:00,243.75239583333303,-23.51044949,16.73402174,7762.66,393.88
2017-08-31 18:04:00,243.75309027777803,-23.50890078,16.64016267,7759.32,394.03
2017-08-31 18:05:00,243.75378472222198,-23.50733723,16.54633051,7757.67,394.06
2017-08-31 18:06:00,243.75447916666698,-23.50584856,16.45255365,7759.07,393.98
2017-08-31 18:07:00,243.755173611111,-23.50436091,16.35876529,7758.62,393.94
2017-08-31 18:08:00,243.755868055556,-23.50287878,16.26513714,7757.27,394.02
2017-08-31 18:09:00,243.7565625,-23.50136116,16.17116077,7758.0,393.95
2017-08-31 18:10:00,243.757256944444,-23.49977191,16.07774806,7755.54,394.04
2017-08-31 18:11:00,243.757951388889,-23.49838847,15.98456469,7757.79,393.9
2017-08-31 18:12:00,243.75864583333302,-23.49695884,15.89076928,7756.9,393.91
2017-08-31 18:13:00,243.75934027777802,-23.49541887,15.79674193,7757.6,393.92
2017-08-31 18:14:00,243.76003472222197,-23.49392218,15.70343216,7757.81,393.92
2017-08-31 18:15:00,243.76072916666698,-23.49246933,15.61054238,7757.87,393.88
2017-08-31 18:16:00,243.76142361111098,-23.49093889,15.51817132,7754.79,393.98
2017-08-31 18:17:00,243.762118055556,-23.48919766,15.42508529,7757.19,393.83
2017-08-31 18:18:00,243.7628125,-23.54322321,15.35512903,7961.98,383.4
2017-08-31 18:19:00,243.763506944444,-23.62224396,15.41062917,8640.37,351.34
2017-08-31 18:20:00,243.764201388889,-23.57688821,15.49709725,9315.3,320.5
2017-08-31 18:21:00,243.76489583333301,-23.51054018,15.57569571,9952.98,292.26
2017-08-31 18:22:00,243.76559027777802,-23.49439612,15.68001679,10382.57,275.12
2017-08-31 18:23:00,243.766284722222,-23.49479038,15.7898421,10379.67,275.2
2017-08-31 18:24:00,243.76697916666697,-23.49637909,15.90088863,10382.1,275.13
2017-08-31 18:25:00,243.76767361111098,-23.49802098,16.01133264,10383.4,275.13
2017-08-31 18:26:00,243.76836805555598,-23.49970445,16.12130155,10385.89,275.17
2017-08-31 18:27:00,243.7690625,-23.50138168,16.23127845,10389.13,275.11
2017-08-31 18:28:00,243.769756944444,-23.50307674,16.34096336,10391.74,275.11
2017-08-31 18:29:00,243.770451388889,-23.50477341,16.45005953,10390.17,275.18
2017-08-31 18:30:00,243.771145833333,-23.50650752,16.56018512,10389.26,275.09
2017-08-31 18:31:00,243.771840277778,-23.50822352,16.67058187,10389.43,275.13
2017-08-31 18:32:00,243.772534722222,-23.50996211,16.78108619,10386.68,275.18
2017-08-31 18:33:00,243.773229166667,-23.51173968,16.89166967,10387.92,275.16
2017-08-31 18:34:00,243.773923611111,-23.51349602,17.00250051,10390.03,275.16
2017-08-31 18:35:00,243.774618055556,-23.515280399999998,17.11331961,10395.29,275.11
2017-08-31 18:36:00,243.7753125,-23.51707115,17.223666,10399.46,275.13
2017-08-31 18:37:00,243.77600694444402,-23.51888219,17.33426585,10405.15,275.14
2017-08-31 18:38:00,243.776701388889,-23.52069711,17.44486146,10396.6,275.13
2017-08-31 18:39:00,243.777395833333,-23.522514899999997,17.55527326,10392.64,275.14
2017-08-31 18:40:00,243.778090277778,-23.52432713,17.66485222,10391.42,275.09
2017-08-31 18:41:00,243.77878472222199,-23.52614198,17.77492474,10392.68,275.09
2017-08-31 18:42:00,243.779479166667,-23.52798,17.88600443,10398.15,275.08
2017-08-31 18:43:00,243.780173611111,-23.52994642,17.99638234,10403.5,275.17
2017-08-31 18:44:00,243.780868055556,-23.53251373,18.10696053,10394.31,275.14
2017-08-31 18:45:00,243.7815625,-23.53373809,18.21676622,10389.63,275.16
2017-08-31 18:46:00,243.78225694444401,-23.53403805,18.32631231,10390.31,275.12
2017-08-31 18:47:00,243.78295138888902,-23.53525367,18.43658969,10391.6,275.08
2017-08-31 18:48:00,243.78364583333303,-23.61435758,18.50247469,9989.53,291.72
2017-08-31 18:49:00,243.78434027777803,-23.6856352,18.43693484,9347.57,319.91
2017-08-31 18:50:00,243.78503472222198,-23.67144315,18.33722061,8660.81,349.87
2017-08-31 18:51:00,243.78572916666698,-23.65856484,18.24058538,8002.27,381.99
2017-08-31 18:52:00,243.786423611111,-23.64935607,18.1502145,7347.72,416.43
2017-08-31 18:53:00,243.787118055556,-23.6434379,18.06498119,6694.15,453.5
2017-08-31 18:54:00,243.7878125,-23.63846231,17.98293204,6045.66,492.94
2017-08-31 18:55:00,243.788506944444,-23.63420368,17.90153575,5399.26,535.03
2017-08-31 18:56:00,243.789201388889,-23.63013506,17.82092385,4837.66,573.92
2017-08-31 18:57:00,243.78989583333302,-23.62801191,17.74581863,4839.54,573.63
2017-08-31 18:58:00,243.79059027777802,-23.62657055,17.67120101,4838.26,573.63
2017-08-31 18:59:00,243.79128472222197,-23.6252003,17.59669041,4839.22,573.55
2017-08-31 19:00:00,243.79197916666698,-23.62389374,17.52292619,4836.56,573.62
2017-08-31 19:01:00,243.79267361111098,-23.62282926,17.44981312,4837.15,573.51
2017-08-31 19:02:00,243.793368055556,-23.6220817,17.37623503,4834.46,573.62
2017-08-31 19:03:00,243.7940625,-23.62118213,17.30288674,4833.41,573.61
2017-08-31 19:04:00,243.794756944444,-23.62010053,17.22986882,4833.01,573.56
2017-08-31 19:05:00,243.795451388889,-23.61813372,17.15669118,4831.59,573.59
2017-08-31 19:06:00,243.79614583333301,-23.61527414,17.08289594,4831.4,573.55
2017-08-31 19:07:00,243.79684027777802,-23.61173869,17.00902117,4831.06,573.51
2017-08-31 19:08:00,243.797534722222,-23.60799345,16.93598989,4827.4,573.64
2017-08-31 19:09:00,243.79822916666697,-23.60538637,16.86489842,4826.34,573.62
2017-08-31 19:10:00,243.79892361111098,-23.60267026,16.79391418,4824.99,573.61
2017-08-31 19:11:00,243.79961805555598,-23.59961271,16.72273914,4824.56,573.56
2017-08-31 19:12:00,243.8003125,-23.59654407,16.65131822,4823.55,573.53
2017-08-31 19:13:00,243.801006944444,-23.59376829,16.57982268,4822.05,573.54
2017-08-31 19:14:00,243.801701388889,-23.59142866,16.50834999,4820.99,573.53
2017-08-31 19:15:00,243.802395833333,-23.58917429,16.43648964,4820.72,573.45
2017-08-31 19:16:00,243.803090277778,-23.58700302,16.36445637,4820.12,573.44
2017-08-31 19:17:00,243.803784722222,-23.58491657,16.29237466,4817.49,573.48
2017-08-31 19:18:00,243.804479166667,-23.58243524,16.21993763,4814.37,573.54
2017-08-31 19:19:00,243.805173611111,-23.5411992,16.18446329,4611.45,588.19
2017-08-31 19:20:00,243.805868055556,-23.47762508,16.21253816,3972.25,636.27
2017-08-31 19:21:00,243.8065625,-23.4139316,16.24195384,3472.4,676.05
2017-08-31 19:22:00,243.80725694444402,-23.35326856,16.26959254,3054.56,710.89
2017-08-31 19:23:00,243.807951388889,-23.29610531,16.29545974,2668.1,744.6
2017-08-31 19:24:00,243.808645833333,-23.24107583,16.320674,2312.3,776.45
2017-08-31 19:25:00,243.809340277778,-23.1863016,16.345308199999998,1988.08,806.41
2017-08-31 19:26:00,243.81003472222199,-23.14130484,16.38482092,1664.55,837.48
2017-08-31 19:27:00,243.810729166667,-23.09908287,16.42782979,1629.53,840.92
2017-08-31 19:28:00,243.811423611111,-23.05686771,16.47093148,1468.76,856.77
2017-08-31 19:29:00,243.812118055556,-23.01521012,16.51378998,1147.28,889.24
2017-08-31 19:30:00,243.8128125,-22.97579674,16.55468946,821.37,923.35
2017-08-31 19:31:00,243.81350694444401,-22.95144062,16.59798494,670.25,939.71
2017-08-31 19:32:00,243.81420138888902,-22.94825573,16.64577639,566.94,951.32
2017-08-31 19:33:00,243.81489583333303,-22.94846692,16.68435153,338.06,976.57
2017-08-31 19:34:00,243.81559027777803,-22.94870275,16.71815257,137.67,998.98
